score,nombre,apellido,email,match_query,match_result,match_result_values,destTable,sourceTable,nombre_completo
100.0%,April,Gonzalez,user8@example.com,AprilGonzalezuser8@example.com,AprilGonzalezuser8@example.com,"{'first_name': 'April', 'last_name': 'Gonzalez', 'email': 'user8@example.com'}",Usuarios,Clientes,April Gonzalez
100.0%,Colton,Collins,user9@example.com,ColtonCollinsuser9@example.com,ColtonCollinsuser9@example.com,"{'first_name': 'Colton', 'last_name': 'Collins', 'email': 'user9@example.com'}",Usuarios,Clientes,Colton Collins
100.0%,Joseph,Yang,user10@example.com,JosephYanguser10@example.com,JosephYanguser10@example.com,"{'first_name': 'Joseph', 'last_name': 'Yang', 'email': 'user10@example.com'}",Usuarios,Clientes,Joseph Yang
100.0%,Michelle,Logan,user11@example.com,MichelleLoganuser11@example.com,MichelleLoganuser11@example.com,"{'first_name': 'Michelle', 'last_name': 'Logan', 'email': 'user11@example.com'}",Usuarios,Clientes,Michelle Logan
100.0%,Mary,Pollard,user12@example.com,MaryPollarduser12@example.com,MaryPollarduser12@example.com,"{'first_name': 'Mary', 'last_name': 'Pollard', 'email': 'user12@example.com'}",Usuarios,Clientes,Mary Pollard
100.0%,Gail,Harris,user13@example.com,GailHarrisuser13@example.com,GailHarrisuser13@example.com,"{'first_name': 'Gail', 'last_name': 'Harris', 'email': 'user13@example.com'}",Usuarios,Clientes,Gail Harris
100.0%,Lauren,Fletcher,user14@example.com,LaurenFletcheruser14@example.com,LaurenFletcheruser14@example.com,"{'first_name': 'Lauren', 'last_name': 'Fletcher', 'email': 'user14@example.com'}",Usuarios,Clientes,Lauren Fletcher
100.0%,Alan,Liu,user15@example.com,AlanLiuuser15@example.com,AlanLiuuser15@example.com,"{'first_name': 'Alan', 'last_name': 'Liu', 'email': 'user15@example.com'}",Usuarios,Clientes,Alan Liu
100.0%,Douglas,Williams,user16@example.com,DouglasWilliamsuser16@example.com,DouglasWilliamsuser16@example.com,"{'first_name': 'Douglas', 'last_name': 'Williams', 'email': 'user16@example.com'}",Usuarios,Clientes,Douglas Williams
100.0%,Daniel,Smith,user17@example.com,DanielSmithuser17@example.com,DanielSmithuser17@example.com,"{'first_name': 'Daniel', 'last_name': 'Smith', 'email': 'user17@example.com'}",Usuarios,Clientes,Daniel Smith
100.0%,Christopher,Jensen,user18@example.com,ChristopherJensenuser18@example.com,ChristopherJensenuser18@example.com,"{'first_name': 'Christopher', 'last_name': 'Jensen', 'email': 'user18@example.com'}",Usuarios,Clientes,Christopher Jensen
100.0%,Haley,Rodriguez,user19@example.com,HaleyRodriguezuser19@example.com,HaleyRodriguezuser19@example.com,"{'first_name': 'Haley', 'last_name': 'Rodriguez', 'email': 'user19@example.com'}",Usuarios,Clientes,Haley Rodriguez
100.0%,Alexis,Cox,user20@example.com,AlexisCoxuser20@example.com,AlexisCoxuser20@example.com,"{'first_name': 'Alexis', 'last_name': 'Cox', 'email': 'user20@example.com'}",Usuarios,Clientes,Alexis Cox
100.0%,Deborah,Davis,user21@example.com,DeborahDavisuser21@example.com,DeborahDavisuser21@example.com,"{'first_name': 'Deborah', 'last_name': 'Davis', 'email': 'user21@example.com'}",Usuarios,Clientes,Deborah Davis
100.0%,Brenda,Reynolds,user22@example.com,BrendaReynoldsuser22@example.com,BrendaReynoldsuser22@example.com,"{'first_name': 'Brenda', 'last_name': 'Reynolds', 'email': 'user22@example.com'}",Usuarios,Clientes,Brenda Reynolds
100.0%,Paul,Nash,user23@example.com,PaulNashuser23@example.com,PaulNashuser23@example.com,"{'first_name': 'Paul', 'last_name': 'Nash', 'email': 'user23@example.com'}",Usuarios,Clientes,Paul Nash
100.0%,Steven,Parsons,user24@example.com,StevenParsonsuser24@example.com,StevenParsonsuser24@example.com,"{'first_name': 'Steven', 'last_name': 'Parsons', 'email': 'user24@example.com'}",Usuarios,Clientes,Steven Parsons
100.0%,Adrian,Richards,user25@example.com,AdrianRichardsuser25@example.com,AdrianRichardsuser25@example.com,"{'first_name': 'Adrian', 'last_name': 'Richards', 'email': 'user25@example.com'}",Usuarios,Clientes,Adrian Richards
100.0%,Kristin,Hall,user26@example.com,KristinHalluser26@example.com,KristinHalluser26@example.com,"{'first_name': 'Kristin', 'last_name': 'Hall', 'email': 'user26@example.com'}",Usuarios,Clientes,Kristin Hall
100.0%,Gerald,Brown,user27@example.com,GeraldBrownuser27@example.com,GeraldBrownuser27@example.com,"{'first_name': 'Gerald', 'last_name': 'Brown', 'email': 'user27@example.com'}",Usuarios,Clientes,Gerald Brown
100.0%,Susan,Freeman,user28@example.com,SusanFreemanuser28@example.com,SusanFreemanuser28@example.com,"{'first_name': 'Susan', 'last_name': 'Freeman', 'email': 'user28@example.com'}",Usuarios,Clientes,Susan Freeman
100.0%,Gary,Thornton,user29@example.com,GaryThorntonuser29@example.com,GaryThorntonuser29@example.com,"{'first_name': 'Gary', 'last_name': 'Thornton', 'email': 'user29@example.com'}",Usuarios,Clientes,Gary Thornton
100.0%,Joyce,Bailey,user30@example.com,JoyceBaileyuser30@example.com,JoyceBaileyuser30@example.com,"{'first_name': 'Joyce', 'last_name': 'Bailey', 'email': 'user30@example.com'}",Usuarios,Clientes,Joyce Bailey
100.0%,Allison,Hill,user31@example.com,AllisonHilluser31@example.com,AllisonHilluser31@example.com,"{'first_name': 'Allison', 'last_name': 'Hill', 'email': 'user31@example.com'}",Usuarios,Clientes,Allison Hill
100.0%,Jamie,Miller,user32@example.com,JamieMilleruser32@example.com,JamieMilleruser32@example.com,"{'first_name': 'Jamie', 'last_name': 'Miller', 'email': 'user32@example.com'}",Usuarios,Clientes,Jamie Miller
100.0%,Kimberly,Johnson,user33@example.com,KimberlyJohnsonuser33@example.com,KimberlyJohnsonuser33@example.com,"{'first_name': 'Kimberly', 'last_name': 'Johnson', 'email': 'user33@example.com'}",Usuarios,Clientes,Kimberly Johnson
100.0%,Elizabeth,Smith,user34@example.com,ElizabethSmithuser34@example.com,ElizabethSmithuser34@example.com,"{'first_name': 'Elizabeth', 'last_name': 'Smith', 'email': 'user34@example.com'}",Usuarios,Clientes,Elizabeth Smith
100.0%,Shelly,Estes,user35@example.com,ShellyEstesuser35@example.com,ShellyEstesuser35@example.com,"{'first_name': 'Shelly', 'last_name': 'Estes', 'email': 'user35@example.com'}",Usuarios,Clientes,Shelly Estes
100.0%,Jacob,Williams,user36@example.com,JacobWilliamsuser36@example.com,JacobWilliamsuser36@example.com,"{'first_name': 'Jacob', 'last_name': 'Williams', 'email': 'user36@example.com'}",Usuarios,Clientes,Jacob Williams
100.0%,Roberto,Chang,user37@example.com,RobertoChanguser37@example.com,RobertoChanguser37@example.com,"{'first_name': 'Roberto', 'last_name': 'Chang', 'email': 'user37@example.com'}",Usuarios,Clientes,Roberto Chang
100.0%,Karen,Smith,user38@example.com,KarenSmithuser38@example.com,KarenSmithuser38@example.com,"{'first_name': 'Karen', 'last_name': 'Smith', 'email': 'user38@example.com'}",Usuarios,Clientes,Karen Smith
100.0%,Anthony,Hernandez,user39@example.com,AnthonyHernandezuser39@example.com,AnthonyHernandezuser39@example.com,"{'first_name': 'Anthony', 'last_name': 'Hernandez', 'email': 'user39@example.com'}",Usuarios,Clientes,Anthony Hernandez
100.0%,Breanna,Watts,user40@example.com,BreannaWattsuser40@example.com,BreannaWattsuser40@example.com,"{'first_name': 'Breanna', 'last_name': 'Watts', 'email': 'user40@example.com'}",Usuarios,Clientes,Breanna Watts
100.0%,Nicholas,Marshall,user41@example.com,NicholasMarshalluser41@example.com,NicholasMarshalluser41@example.com,"{'first_name': 'Nicholas', 'last_name': 'Marshall', 'email': 'user41@example.com'}",Usuarios,Clientes,Nicholas Marshall
100.0%,Christopher,Bowen,user42@example.com,ChristopherBowenuser42@example.com,ChristopherBowenuser42@example.com,"{'first_name': 'Christopher', 'last_name': 'Bowen', 'email': 'user42@example.com'}",Usuarios,Clientes,Christopher Bowen
100.0%,Nicole,Thompson,user43@example.com,NicoleThompsonuser43@example.com,NicoleThompsonuser43@example.com,"{'first_name': 'Nicole', 'last_name': 'Thompson', 'email': 'user43@example.com'}",Usuarios,Clientes,Nicole Thompson
100.0%,Anna,Russell,user44@example.com,AnnaRusselluser44@example.com,AnnaRusselluser44@example.com,"{'first_name': 'Anna', 'last_name': 'Russell', 'email': 'user44@example.com'}",Usuarios,Clientes,Anna Russell
100.0%,Donna,King,user45@example.com,DonnaKinguser45@example.com,DonnaKinguser45@example.com,"{'first_name': 'Donna', 'last_name': 'King', 'email': 'user45@example.com'}",Usuarios,Clientes,Donna King
100.0%,Denise,Byrd,user46@example.com,DeniseByrduser46@example.com,DeniseByrduser46@example.com,"{'first_name': 'Denise', 'last_name': 'Byrd', 'email': 'user46@example.com'}",Usuarios,Clientes,Denise Byrd
100.0%,Michael,Robinson,user47@example.com,MichaelRobinsonuser47@example.com,MichaelRobinsonuser47@example.com,"{'first_name': 'Michael', 'last_name': 'Robinson', 'email': 'user47@example.com'}",Usuarios,Clientes,Michael Robinson
100.0%,Daniel,Harrison,user48@example.com,DanielHarrisonuser48@example.com,DanielHarrisonuser48@example.com,"{'first_name': 'Daniel', 'last_name': 'Harrison', 'email': 'user48@example.com'}",Usuarios,Clientes,Daniel Harrison
100.0%,Jason,Sellers,user49@example.com,JasonSellersuser49@example.com,JasonSellersuser49@example.com,"{'first_name': 'Jason', 'last_name': 'Sellers', 'email': 'user49@example.com'}",Usuarios,Clientes,Jason Sellers
100.0%,Stephanie,Torres,user50@example.com,StephanieTorresuser50@example.com,StephanieTorresuser50@example.com,"{'first_name': 'Stephanie', 'last_name': 'Torres', 'email': 'user50@example.com'}",Usuarios,Clientes,Stephanie Torres
100.0%,Kristin,Randall,user51@example.com,KristinRandalluser51@example.com,KristinRandalluser51@example.com,"{'first_name': 'Kristin', 'last_name': 'Randall', 'email': 'user51@example.com'}",Usuarios,Clientes,Kristin Randall
100.0%,Bradley,Nguyen,user52@example.com,BradleyNguyenuser52@example.com,BradleyNguyenuser52@example.com,"{'first_name': 'Bradley', 'last_name': 'Nguyen', 'email': 'user52@example.com'}",Usuarios,Clientes,Bradley Nguyen
100.0%,Lance,Rice,user53@example.com,LanceRiceuser53@example.com,LanceRiceuser53@example.com,"{'first_name': 'Lance', 'last_name': 'Rice', 'email': 'user53@example.com'}",Usuarios,Clientes,Lance Rice
100.0%,Paul,Perkins,user54@example.com,PaulPerkinsuser54@example.com,PaulPerkinsuser54@example.com,"{'first_name': 'Paul', 'last_name': 'Perkins', 'email': 'user54@example.com'}",Usuarios,Clientes,Paul Perkins
